{"date":["2023-08-02"],"hms_request":["B8657524","B8573782"],"hms_bug":["B8791072","B8791192"],"azure_devops":["B8791072","B8791192"],"version":["DeltaV_Core/Release/v15.LTS"],"line":["DeltaV Live"],"commit_id":["3a1f92b937f7d4199a586b7e096332598sgjkssd","h2g5hjb2k3b523kj2bjk5b2kjhvhj2v3523523jkbkj","c1cee88e9a4f9b26d1357496a679432fc3aaf32d"],"pull_id":["!83265","!83224","!24954"],"build_instr":["Release/v14.FP3/Graphics/DisplayElements/Master/Graphics.DisplayElements_Build.sln Release/v14.FP3/Oe/Web/Master/Oe.Web_Build.sln","Release/v14.FP3/Uca/GraphicStudio/Src/Uca/GraphicsStudio/Uca.GraphicsStudio_Build.sln","XSrc/CefSharp/Master/XSrc.CefSharp_Build/XSrc.CefSharp_Build.sln","App/Env/Master/Scripting_Build.sln","Oe/Application/Master/Oe.Application_Build.sln","Oe/Presentation/Master/Oe.Presentation_Build.sln","Oe/DisplayViewerWidget/Master/Oe.DisplayViewerWidget_Build.sln","Oe/OperationsHub/Master/Oe.OperationsHub_Build.sln","Oe/Web/Master/Oe.Web_Build.sln"],"nonbuild_rsrc":["n/a"],"deliverables":["OpenSourceNotices.pdf","chrome_100_percent.pak ","chrome_200_percent.pak ","CefSharp.BrowserSubprocess.Core.dll ","CefSharp.BrowserSubprocess.exe ","CefSharp.Core.dll ","CefSharp.Core.Runtime.dll ","CefSharp.dll ","CefSharp.OffScreen.dll ","CefSharp.WinForms.dll ","CefSharp.Wpf.dll ","chrome_elf.dll ","d3dcompiler_47.dll ","resources.pak ","icudtl.dat ","libcef.dll ","libEGL.dll ","libGLESv2.dll ","snapshot_blob.bin ","v8_context_snapshot.bin ","vk_swiftshader.dll","vk_swiftshader_icd.json","vulkan-1.dll","The \"locales\" folder","microsoft.aspnetcore.websockets.dll (File Version = 2.1.7.18340 2.2.1.18346)","system.net.websockets.websocketprotocol.dll (File Version = 4.6.27129.4)","Oe.Application.Authentication.dll","Oe.DisplayViewerWidget.Presentation.Wpf.dll","Oe.Presentation.Wpf.dll ","OeWeb.exe","OeWeb.Services.dll","OG/oewebrenderer.exe","OperationsHub.Presentation.Wpf.dll","Scripting.Ide.dll","Scripting.Compiler.exe"],"t3":["19KH132 – Product Support -DeltaV Live – 363"],"owner":["Allecia"],"special_instr":["INSTALL LOCATION C:\\Program Files (x86)\\Emerson\\DeltaV"]}