<service>
	<id>hotfixdbs.exe</id>
	<name>hotfix dbs</name>
	<description>Node.js service description goes here.</description>
	<executable>C:\Program Files\nodejs\node.exe</executable>
	<argument>--harmony</argument>
	<argument>C:\Users\testadmin\Desktop\b-s_tool\node_modules\node-windows\lib\wrapper.js</argument>
	<argument>--file</argument>
	<argument>C:\Users\testadmin\Desktop\b-s_tool\index.js</argument>
	<argument>--scriptoptions=</argument>
	<argument>--log</argument>
	<argument>hotfix dbs wrapper</argument>
	<argument>--grow</argument>
	<argument>0.25</argument>
	<argument>--wait</argument>
	<argument>1</argument>
	<argument>--maxrestarts</argument>
	<argument>3</argument>
	<argument>--abortonerror</argument>
	<argument>n</argument>
	<argument>--stopparentfirst</argument>
	<argument>undefined</argument>
	<logmode>rotate</logmode>
	<stoptimeout>30sec</stoptimeout>
	<serviceaccount>
		<domain>VPROPLUS-57B</domain>
		<user>LocalSystem</user>
		<password></password>
	</serviceaccount>
	<workingdirectory>C:\Users\testadmin\Desktop\b-s_tool</workingdirectory>
</service>