[{"_id":"64c1276e0dbad374f106c1a2","date":["2023-07-26"],"hms_request":["B865751","B872742","B857379"],"hms_bug":["B879107","B879113","B879119"],"azure_devops":["B879107","B879113","B879119","b826148"],"version":["DeltaV_Live/Release/v14.FP3"],"line":["DeltaV Live"],"commit_id":["3a1f92b937f7d4199a586b7e096332598b299f5a"],"pull_id":["!26147","!25235"],"build_instr":["Release/v14.FP3/Graphics/DisplayElements/Master/Graphics.DisplayElements_Build.sln Release/v14.FP3/Oe/Web/Master/Oe.Web_Build.sln","Release/v14.FP3/Uca/GraphicStudio/Src/Uca/GraphicsStudio/Uca.GraphicsStudio_Build.sln"],"nonbuild_rsrc":["n/a"],"deliverables":["Graphics.DisplayElements.Windows.Controls.dll","OeWeb.exe","Uca.GraphicsStudio.Display.Ui.dll"],"t3":["19KH132 – Product Support -DeltaV Live – 363"],"owner":["Allecia"],"special_instr":["INSTALL LOCATION: C:\\Program Files (x86)\\Emerson\\DeltaV"],"__v":0},{"_id":"64b8539ce45ad324fd87df0c","date":["2023-07-13"],"hms_request":["B784197"],"hms_bug":["B79165354"],"azure_devops":["B79165354"],"version":["DeltaV_Core/Release/v15.LTS"],"line":["DeltaV Live"],"commit_id":["723t4g2jrf23yt5d2fg52bnf5jh235gh2f3jd","2gj3f5g2h3f5h2g3f5kj21f5j2f3j5gf231gf5"],"pull_id":["!842424","!835635"],"build_instr":["XSrc/CefSharp/Master/XSrc.CefSharp_Build/XSrc.CefSharp_Build.sln","App/Env/Master/Scripting_Build.sln","Oe/Application/Master/Oe.Application_Build.sln","Oe/Presentation/Master/Oe.Presentation_Build.sln","Oe/DisplayViewerWidget/Master/Oe.DisplayViewerWidget_Build.sln","Oe/OperationsHub/Master/Oe.OperationsHub_Build.sln","Oe/Web/Master/Oe.Web_Build.sln"],"nonbuild_rsrc":["n/a"],"deliverables":["OpenSourceNotices.pdf","chrome_100_percent.pak ","chrome_200_percent.pak ","CefSharp.BrowserSubprocess.Core.dll ","CefSharp.BrowserSubprocess.exe ","CefSharp.Core.dll ","CefSharp.Core.Runtime.dll ","CefSharp.dll ","CefSharp.OffScreen.dll ","CefSharp.WinForms.dll ","CefSharp.Wpf.dll ","chrome_elf.dll ","d3dcompiler_47.dll ","resources.pak ","icudtl.dat ","libcef.dll ","libEGL.dll ","libGLESv2.dll ","snapshot_blob.bin ","v8_context_snapshot.bin ","vk_swiftshader.dll","vk_swiftshader_icd.json","vulkan-1.dll","The \"locales\" folder","microsoft.aspnetcore.websockets.dll (File Version = 2.1.7.18340 2.2.1.18346)","system.net.websockets.websocketprotocol.dll (File Version = 4.6.27129.4)","Oe.Application.Authentication.dll","Oe.DisplayViewerWidget.Presentation.Wpf.dll","Oe.Presentation.Wpf.dll ","OeWeb.exe","OeWeb.Services.dll","OG/oewebrenderer.exe","OperationsHub.Presentation.Wpf.dll","Scripting.Ide.dll","Scripting.Compiler.exe"],"t3":["901749986187"],"owner":["Steven"],"special_instr":["INSTALL AT: C:\\Program Files (x86)\\Emerson\\DeltaV C:\\DeltaV\\OpenSourceNotices for OpenSourceNotices.pdf"],"__v":0},{"_id":"64aff933de6c2a061a2739a8","date":["2023-07-13"],"hms_request":["B784197"],"hms_bug":["B79165354"],"azure_devops":["B79165354"],"version":["DeltaV_Core/Release/v15.LTS"],"line":["DeltaV Live"],"commit_id":["723t4g2jrf23yt5d2fg52bnf5jh235gh2f3jd","2gj3f5g2h3f5h2g3f5kj21f5j2f3j5gf231gf5"],"pull_id":["!842424","!835635"],"build_instr":["XSrc/CefSharp/Master/XSrc.CefSharp_Build/XSrc.CefSharp_Build.sln","App/Env/Master/Scripting_Build.sln","Oe/Application/Master/Oe.Application_Build.sln","Oe/Presentation/Master/Oe.Presentation_Build.sln","Oe/DisplayViewerWidget/Master/Oe.DisplayViewerWidget_Build.sln","Oe/OperationsHub/Master/Oe.OperationsHub_Build.sln","Oe/Web/Master/Oe.Web_Build.sln"],"nonbuild_rsrc":["n/a"],"deliverables":["OpenSourceNotices.pdf","chrome_100_percent.pak ","chrome_200_percent.pak ","CefSharp.BrowserSubprocess.Core.dll ","CefSharp.BrowserSubprocess.exe ","CefSharp.Core.dll ","CefSharp.Core.Runtime.dll ","CefSharp.dll ","CefSharp.OffScreen.dll ","CefSharp.WinForms.dll ","CefSharp.Wpf.dll ","chrome_elf.dll ","d3dcompiler_47.dll ","resources.pak ","icudtl.dat ","libcef.dll ","libEGL.dll ","libGLESv2.dll ","snapshot_blob.bin ","v8_context_snapshot.bin ","vk_swiftshader.dll","vk_swiftshader_icd.json","vulkan-1.dll","The \"locales\" folder","microsoft.aspnetcore.websockets.dll (File Version = 2.1.7.18340 2.2.1.18346)","system.net.websockets.websocketprotocol.dll (File Version = 4.6.27129.4)","Oe.Application.Authentication.dll","Oe.DisplayViewerWidget.Presentation.Wpf.dll","Oe.Presentation.Wpf.dll ","OeWeb.exe","OeWeb.Services.dll","OG/oewebrenderer.exe","OperationsHub.Presentation.Wpf.dll","Scripting.Ide.dll","Scripting.Compiler.exe"],"t3":["901749986187"],"owner":["Steven"],"special_instr":["INSTALL AT: C:\\Program Files (x86)\\Emerson\\DeltaV C:\\DeltaV\\OpenSourceNotices for OpenSourceNotices.pdf"],"__v":0},{"_id":"64aec5542d4413d974231578","date":["2023-07-12"],"hms_request":["B784197 "],"hms_bug":["B791654"],"azure_devops":["B791654"],"version":["DeltaV_Core/Release/v15.LTS"],"line":["DeltaV Live"],"commit_id":["f7e409b4c120c02df0f98b6c09355d81751f265a","c1cee88e9a4f9b26d1357496a679432fc3aaf32d"],"pull_id":["!24954","!24955"],"build_instr":["XSrc/CefSharp/Master/XSrc.CefSharp_Build/XSrc.CefSharp_Build.sln","App/Env/Master/Scripting_Build.sln","Oe/Application/Master/Oe.Application_Build.sln","Oe/Presentation/Master/Oe.Presentation_Build.sln","Oe/DisplayViewerWidget/Master/Oe.DisplayViewerWidget_Build.sln","Oe/OperationsHub/Master/Oe.OperationsHub_Build.sln","Oe/Web/Master/Oe.Web_Build.sln"],"nonbuild_rsrc":["n/a"],"deliverables":["OpenSourceNotices.pdf","chrome_100_percent.pak ","chrome_200_percent.pak ","CefSharp.BrowserSubprocess.Core.dll ","CefSharp.BrowserSubprocess.exe ","CefSharp.Core.dll ","CefSharp.Core.Runtime.dll ","CefSharp.dll ","CefSharp.OffScreen.dll ","CefSharp.WinForms.dll ","CefSharp.Wpf.dll ","chrome_elf.dll ","d3dcompiler_47.dll ","resources.pak ","icudtl.dat ","libcef.dll ","libEGL.dll ","libGLESv2.dll ","snapshot_blob.bin ","v8_context_snapshot.bin ","vk_swiftshader.dll","vk_swiftshader_icd.json","vulkan-1.dll","The \"locales\" folder","microsoft.aspnetcore.websockets.dll (File Version = 2.1.7.18340 2.2.1.18346)","system.net.websockets.websocketprotocol.dll (File Version = 4.6.27129.4)","Oe.Application.Authentication.dll","Oe.DisplayViewerWidget.Presentation.Wpf.dll","Oe.Presentation.Wpf.dll ","OeWeb.exe","OeWeb.Services.dll","OG/oewebrenderer.exe","OperationsHub.Presentation.Wpf.dll","Scripting.Ide.dll","Scripting.Compiler.exe"],"t3":["19KH132 – Product Support -DeltaV Live – 363"],"owner":["Steven"],"special_instr":["INSTALL AT: C:\\Program Files (x86)\\Emerson\\DeltaV C:\\DeltaV\\OpenSourceNotices for OpenSourceNotices.pdf"],"__v":0},{"_id":"64aec5ce2d4413d97423157c","date":["2023-07-12"],"hms_request":["B834014"],"hms_bug":["B834014"],"azure_devops":["B834014"],"version":["DeltaV_Core/Release/v14.FP3"],"line":["DeltaV Live"],"commit_id":["f82cd21de03c93166a779418f974dea431eb233f"],"pull_id":["!22501"],"build_instr":["Uca\\ProdDoImpl\\Master\\Uca.ProdDoImpl_Build.sln"],"nonbuild_rsrc":["n/a"],"deliverables":["Uca.ProdDoImpl.Components.dll"],"t3":["19KH132 – Product Support -DeltaV Live – 363"],"owner":["Steven"],"special_instr":["n/a"],"__v":0}]